epoch	cpu_total_pct	load1	mem_available_mib	php_cpu_pct	next_cpu_pct	db_cpu_pct	nginx_cpu_pct	php_rss_mib	next_rss_mib	db_rss_mib	nginx_rss_mib
1789160401.730	0.5	0.03	6322.5	1.2	0.0	1.8	0.0	201.2	0.0	289.3	316.5
1789160402.269	34.4	0.03	6320.7	1.2	0.0	1.8	0.0	201.2	0.0	289.3	316.5
1789160402.790	28.5	0.03	6319.3	1.2	0.0	1.8	0.0	199.8	0.0	289.3	316.5
1789160403.314	68.1	1.06	6318.7	1.2	0.0	1.8	0.0	200.7	0.0	289.4	316.5
1789160403.843	84.5	1.06	6316.9	1.2	0.0	1.8	0.0	200.7	0.0	289.4	316.5
1789160404.371	88.5	1.06	6315.5	81.7	0.0	1.8	0.0	246.3	0.0	289.4	316.5
1789160404.890	63.5	1.06	6314.5	82.1	0.0	1.8	0.0	252.1	0.0	289.4	316.5
1789160405.411	54.4	1.06	6315.3	159.1	0.0	1.8	0.0	301.6	0.0	289.5	316.5
1789160405.934	63.2	1.06	6314.4	149.1	0.0	1.8	0.0	302.9	0.0	289.5	316.5
1789160406.456	36.7	1.06	6316.0	139.1	0.0	1.8	0.0	303.0	0.0	289.5	316.5
1789160406.980	25.5	1.06	6315.8	128.2	0.0	1.8	0.0	304.5	0.0	289.5	316.5
1789160407.497	29.0	1.06	6316.1	106.6	0.0	1.8	0.0	307.6	0.0	289.5	316.5
1789160408.019	4.3	1.06	6315.6	90.9	0.0	1.8	0.0	307.6	0.0	289.5	316.5
1789160408.540	4.3	0.98	6317.3	79.1	0.0	1.8	0.0	307.6	0.0	289.5	316.5
1789160409.067	4.3	0.98	6317.3	70.2	0.0	1.8	0.0	307.7	0.0	289.5	316.5
1789160409.589	34.0	0.98	6320.0	70.3	0.0	1.8	0.0	308.4	0.0	289.5	316.5
1789160410.113	66.3	0.98	6318.3	72.1	0.0	1.8	0.0	308.4	0.0	289.5	316.5
1789160410.644	51.9	0.98	6318.1	74.2	0.0	1.8	0.0	308.4	0.0	289.5	316.5
1789160411.170	50.7	0.98	6317.9	75.9	0.0	1.8	0.0	308.4	0.0	289.5	316.5
1789160411.699	54.1	0.98	6317.9	77.3	0.0	1.8	0.0	308.5	0.0	289.5	316.5
1789160412.223	76.1	0.98	6317.3	78.1	0.0	1.8	0.0	309.4	0.0	289.5	316.5
1789160412.748	86.1	0.98	6317.4	76.7	0.0	1.8	0.0	311.8	0.0	289.5	316.5
1789160413.270	69.1	1.14	6317.2	74.4	0.0	1.8	0.0	317.7	0.0	289.6	316.5
1789160413.788	66.8	1.14	6316.5	71.2	0.0	1.8	0.0	317.9	0.0	289.6	316.5
1789160414.305	64.4	1.14	6313.9	68.2	0.0	1.8	0.0	318.0	0.0	289.6	316.5
1789160414.827	81.1	1.14	6310.2	67.2	0.0	1.8	0.0	318.2	0.0	289.6	316.5
1789160415.345	83.0	1.14	6310.0	67.5	0.0	1.8	0.0	318.2	0.0	289.6	316.5
1789160415.871	75.9	1.14	6308.1	67.8	0.0	1.8	0.0	318.2	0.0	289.6	316.5
1789160416.408	91.3	1.14	6306.5	69.9	0.0	1.8	0.0	318.2	0.0	289.6	316.5
1789160416.925	76.5	1.14	6306.5	73.4	0.0	1.8	0.0	318.2	0.0	289.6	316.5
1789160417.447	43.1	1.14	6306.3	75.3	0.0	1.8	0.0	318.3	0.0	289.6	316.5
1789160417.967	32.7	1.14	6306.3	76.0	0.0	1.8	0.0	318.4	0.0	289.6	316.5
1789160418.489	24.4	1.13	6306.1	75.1	0.0	1.8	0.0	318.6	0.0	289.6	316.5
1789160419.013	8.2	1.13	6313.2	71.8	0.0	1.8	0.0	261.0	0.0	289.6	316.5
