/etc/nginx/sites-available/a.paymydine.com.conf	/var/www/paymydine/storage/pmd-v17-fpm-isolation-20260912_192824/nginx-backup/001.conf
/etc/nginx/sites-available/aa.paymydine.com.conf	/var/www/paymydine/storage/pmd-v17-fpm-isolation-20260912_192824/nginx-backup/002.conf
/etc/nginx/sites-available/asd.paymydine.com.conf	/var/www/paymydine/storage/pmd-v17-fpm-isolation-20260912_192824/nginx-backup/003.conf
/etc/nginx/sites-available/bb.paymydine.com.conf	/var/www/paymydine/storage/pmd-v17-fpm-isolation-20260912_192824/nginx-backup/004.conf
/etc/nginx/sites-available/canada.paymydine.com.conf	/var/www/paymydine/storage/pmd-v17-fpm-isolation-20260912_192824/nginx-backup/005.conf
/etc/nginx/sites-available/gisoo.paymydine.com.conf	/var/www/paymydine/storage/pmd-v17-fpm-isolation-20260912_192824/nginx-backup/006.conf
/etc/nginx/sites-available/gisoocanada.paymydine.com.conf	/var/www/paymydine/storage/pmd-v17-fpm-isolation-20260912_192824/nginx-backup/007.conf
/etc/nginx/sites-available/gisooturkish.paymydine.com.conf	/var/www/paymydine/storage/pmd-v17-fpm-isolation-20260912_192824/nginx-backup/008.conf
/etc/nginx/sites-available/h.paymydine.com.conf	/var/www/paymydine/storage/pmd-v17-fpm-isolation-20260912_192824/nginx-backup/009.conf
/etc/nginx/sites-available/han.paymydine.com.conf	/var/www/paymydine/storage/pmd-v17-fpm-isolation-20260912_192824/nginx-backup/010.conf
/etc/nginx/sites-available/ilhan.paymydine.com.conf	/var/www/paymydine/storage/pmd-v17-fpm-isolation-20260912_192824/nginx-backup/011.conf
/etc/nginx/sites-available/jj.paymydine.com.conf	/var/www/paymydine/storage/pmd-v17-fpm-isolation-20260912_192824/nginx-backup/012.conf
/etc/nginx/sites-available/k.paymydine.com.conf	/var/www/paymydine/storage/pmd-v17-fpm-isolation-20260912_192824/nginx-backup/013.conf
/etc/nginx/sites-available/khalig.paymydine.com.conf	/var/www/paymydine/storage/pmd-v17-fpm-isolation-20260912_192824/nginx-backup/014.conf
/etc/nginx/sites-available/kult.paymydine.com.conf	/var/www/paymydine/storage/pmd-v17-fpm-isolation-20260912_192824/nginx-backup/015.conf
/etc/nginx/sites-available/l.paymydine.com.conf	/var/www/paymydine/storage/pmd-v17-fpm-isolation-20260912_192824/nginx-backup/016.conf
/etc/nginx/sites-available/loumi.paymydine.com.conf	/var/www/paymydine/storage/pmd-v17-fpm-isolation-20260912_192824/nginx-backup/017.conf
/etc/nginx/sites-available/luna.paymydine.com.conf	/var/www/paymydine/storage/pmd-v17-fpm-isolation-20260912_192824/nginx-backup/018.conf
/etc/nginx/sites-available/main.paymydine.com.conf	/var/www/paymydine/storage/pmd-v17-fpm-isolation-20260912_192824/nginx-backup/019.conf
/etc/nginx/sites-available/me.paymydine.com.conf	/var/www/paymydine/storage/pmd-v17-fpm-isolation-20260912_192824/nginx-backup/020.conf
/etc/nginx/sites-available/mehdi.paymydine.com.conf	/var/www/paymydine/storage/pmd-v17-fpm-isolation-20260912_192824/nginx-backup/021.conf
/etc/nginx/sites-available/milano.paymydine.com.conf	/var/www/paymydine/storage/pmd-v17-fpm-isolation-20260912_192824/nginx-backup/022.conf
/etc/nginx/sites-available/mm.paymydine.com.conf	/var/www/paymydine/storage/pmd-v17-fpm-isolation-20260912_192824/nginx-backup/023.conf
/etc/nginx/sites-available/monkey.paymydine.com.conf	/var/www/paymydine/storage/pmd-v17-fpm-isolation-20260912_192824/nginx-backup/024.conf
/etc/nginx/sites-available/moon.paymydine.com.conf	/var/www/paymydine/storage/pmd-v17-fpm-isolation-20260912_192824/nginx-backup/025.conf
/etc/nginx/sites-available/nima.paymydine.com.conf	/var/www/paymydine/storage/pmd-v17-fpm-isolation-20260912_192824/nginx-backup/026.conf
/etc/nginx/sites-available/nn.paymydine.com.conf	/var/www/paymydine/storage/pmd-v17-fpm-isolation-20260912_192824/nginx-backup/027.conf
/etc/nginx/sites-available/nobelhard.paymydine.com.conf	/var/www/paymydine/storage/pmd-v17-fpm-isolation-20260912_192824/nginx-backup/028.conf
/etc/nginx/sites-available/o.paymydine.com.conf	/var/www/paymydine/storage/pmd-v17-fpm-isolation-20260912_192824/nginx-backup/029.conf
/etc/nginx/sites-available/oman.paymydine.com.conf	/var/www/paymydine/storage/pmd-v17-fpm-isolation-20260912_192824/nginx-backup/030.conf
/etc/nginx/sites-available/omantest.paymydine.com.conf	/var/www/paymydine/storage/pmd-v17-fpm-isolation-20260912_192824/nginx-backup/031.conf
/etc/nginx/sites-available/otp.paymydine.com.conf	/var/www/paymydine/storage/pmd-v17-fpm-isolation-20260912_192824/nginx-backup/032.conf
/etc/nginx/sites-available/otptest.paymydine.com.conf	/var/www/paymydine/storage/pmd-v17-fpm-isolation-20260912_192824/nginx-backup/033.conf
/etc/nginx/sites-available/paymenttest.paymydine.com.conf	/var/www/paymydine/storage/pmd-v17-fpm-isolation-20260912_192824/nginx-backup/034.conf
/etc/nginx/sites-available/paymydine	/var/www/paymydine/storage/pmd-v17-fpm-isolation-20260912_192824/nginx-backup/035.conf
/etc/nginx/sites-available/persian.paymydine.com.conf	/var/www/paymydine/storage/pmd-v17-fpm-isolation-20260912_192824/nginx-backup/036.conf
/etc/nginx/sites-available/persian1.paymydine.com.conf	/var/www/paymydine/storage/pmd-v17-fpm-isolation-20260912_192824/nginx-backup/037.conf
/etc/nginx/sites-available/reza.paymydine.com.conf	/var/www/paymydine/storage/pmd-v17-fpm-isolation-20260912_192824/nginx-backup/038.conf
/etc/nginx/sites-available/roxy.paymydine.com.conf	/var/www/paymydine/storage/pmd-v17-fpm-isolation-20260912_192824/nginx-backup/039.conf
/etc/nginx/sites-available/rt.paymydine.com.conf	/var/www/paymydine/storage/pmd-v17-fpm-isolation-20260912_192824/nginx-backup/040.conf
/etc/nginx/sites-available/saeed.paymydine.com.conf	/var/www/paymydine/storage/pmd-v17-fpm-isolation-20260912_192824/nginx-backup/041.conf
/etc/nginx/sites-available/sun.paymydine.com.conf	/var/www/paymydine/storage/pmd-v17-fpm-isolation-20260912_192824/nginx-backup/042.conf
/etc/nginx/sites-available/sunday.paymydine.com.conf	/var/www/paymydine/storage/pmd-v17-fpm-isolation-20260912_192824/nginx-backup/043.conf
/etc/nginx/sites-available/test.paymydine.com.conf	/var/www/paymydine/storage/pmd-v17-fpm-isolation-20260912_192824/nginx-backup/044.conf
/etc/nginx/sites-available/test1.paymydine.com.conf	/var/www/paymydine/storage/pmd-v17-fpm-isolation-20260912_192824/nginx-backup/045.conf
/etc/nginx/sites-available/test2.paymydine.com.conf	/var/www/paymydine/storage/pmd-v17-fpm-isolation-20260912_192824/nginx-backup/046.conf
/etc/nginx/sites-available/test25.paymydine.com.conf	/var/www/paymydine/storage/pmd-v17-fpm-isolation-20260912_192824/nginx-backup/047.conf
/etc/nginx/sites-available/testtest.paymydine.com.conf	/var/www/paymydine/storage/pmd-v17-fpm-isolation-20260912_192824/nginx-backup/048.conf
/etc/nginx/sites-available/texas.paymydine.com.conf	/var/www/paymydine/storage/pmd-v17-fpm-isolation-20260912_192824/nginx-backup/049.conf
/etc/nginx/sites-available/tipsy.paymydine.com.conf	/var/www/paymydine/storage/pmd-v17-fpm-isolation-20260912_192824/nginx-backup/050.conf
/etc/nginx/sites-available/tomo.paymydine.com.conf	/var/www/paymydine/storage/pmd-v17-fpm-isolation-20260912_192824/nginx-backup/051.conf
/etc/nginx/sites-available/turkei.paymydine.com.conf	/var/www/paymydine/storage/pmd-v17-fpm-isolation-20260912_192824/nginx-backup/052.conf
/etc/nginx/sites-available/turkishpmd.paymydine.com.conf	/var/www/paymydine/storage/pmd-v17-fpm-isolation-20260912_192824/nginx-backup/053.conf
/etc/nginx/sites-available/x.paymydine.com.conf	/var/www/paymydine/storage/pmd-v17-fpm-isolation-20260912_192824/nginx-backup/054.conf
