ts	load1	mem_kb	php_cpu	next_cpu	php_rss_kb	next_rss_kb	est443
1789119883	0.56	6709088	39.8	1.3	278216	98800	0
1789119885	0.76	6693832	102.3	1.5	327020	103572	33
1789119887	0.76	6691516	82.4	1.5	333880	105284	26
1789119889	0.76	6677192	89.8	1.7	337948	114712	18
1789119891	1.02	6674424	98.4	1.8	338432	116364	12
1789119893	1.02	6674388	103.3	2.0	338436	119632	19
1789119895	1.18	6667332	108.1	2.1	338444	127208	18
1789119898	1.18	6663272	107.3	2.2	338784	134036	19
1789119900	1.24	6659160	109.1	2.3	338792	136084	25
1789119902	1.24	6655448	113.4	2.4	339136	136384	16
1789119904	1.24	6654280	113.4	2.4	339136	137444	22
1789119906	1.62	6652772	114.3	2.6	339484	139364	11
1789119908	1.62	6652012	118.4	2.6	339548	139384	28
1789119910	1.49	6647076	95.7	2.7	209244	139420	0
1789119912	1.49	6647420	89.8	2.7	209244	139420	0
1789119914	1.49	6648200	84.7	2.6	209244	139420	0
1789119917	1.37	6647948	80.3	2.6	209244	139420	0
1789119919	1.37	6639840	218.7	2.7	308096	140100	53
1789119921	1.50	6638804	171.4	2.8	315648	140288	48
1789119923	1.50	6638452	168.0	2.8	317468	140296	60
1789119925	1.54	6638716	175.0	2.9	317728	140432	42
1789119927	1.54	6638432	186.2	3.0	317984	140432	44
1789119929	1.54	6637628	194.5	3.0	318048	140452	58
1789119931	1.74	6643252	195.5	3.1	318312	140844	54
1789119934	1.74	6643540	197.8	3.2	320108	140608	46
1789119936	2.00	6645288	196.1	3.3	320184	141192	50
1789119938	2.00	6642480	191.6	3.3	320184	141368	39
1789119940	2.08	6638976	192.0	3.4	320332	142840	51
1789119942	2.08	6634916	195.8	3.5	320376	142892	34
1789119944	2.08	6630828	197.6	3.5	320544	142912	11
1789119946	2.00	6642940	141.8	3.5	200616	142916	0
1789119948	2.00	6642440	133.5	3.5	200616	142916	0
1789119951	1.84	6642896	126.2	3.5	200616	142916	0
1789119953	1.84	6642896	119.8	3.5	200616	142916	0
1789119955	1.69	6642896	114.1	3.4	200616	142916	0
1789119957	1.69	6642644	108.8	3.4	200616	142916	0
1789119959	1.69	6642084	104.0	3.4	200616	142916	0
1789119961	1.55	6639520	181.3	3.4	246740	143168	40
1789119963	1.55	6653500	228.9	3.5	295784	120928	20
1789119965	1.83	6653892	223.7	3.6	297408	125636	32
1789119967	1.83	6653452	227.2	3.7	297580	130544	40
1789119970	1.83	6651960	230.2	3.7	297580	133144	35
1789119972	2.24	6649740	231.6	3.8	297584	134988	29
1789119974	2.24	6648116	232.4	3.9	297588	140892	37
1789119976	2.54	6630608	232.3	4.0	297756	147224	39
1789119978	2.54	6630440	232.9	4.0	297756	147232	21
1789119980	2.74	6630208	234.7	4.1	297768	147244	40
1789119983	2.74	6636752	189.3	4.1	242352	145636	0
1789119985	2.74	6643584	138.8	4.1	186824	145636	0
1789119987	2.60	6643332	129.7	4.1	186824	145636	0
1789119989	2.60	6643008	121.8	4.1	186824	145636	0
1789119991	2.79	6640584	209.9	4.1	229768	145640	102
1789119993	2.79	6635988	265.1	4.2	283036	146968	33
1789119995	3.37	6634988	258.1	4.2	283808	147480	57
1789119997	3.37	6636956	253.7	4.3	283860	147568	88
1789120000	3.37	6636516	255.1	4.4	283880	147576	25
1789120002	3.66	6634972	255.2	4.4	284024	148092	71
1789120004	3.66	6634180	255.7	4.5	284060	149000	92
1789120006	3.93	6632216	254.9	4.5	284072	149004	46
1789120008	3.93	6624236	254.9	4.6	284072	149140	79
1789120010	4.10	6621852	254.1	4.6	284144	149316	0
1789120012	4.10	6627908	149.9	4.6	179832	149316	0
1789120014	4.10	6634044	139.1	4.6	179832	149316	0
1789120017	3.77	6632800	129.7	4.6	179832	149316	0
1789120019	3.77	6630760	123.3	4.7	179832	146376	156
1789120021	3.79	6624496	266.3	4.6	274660	146476	138
1789120023	3.79	6635768	241.4	4.7	275512	148340	50
1789120025	3.88	6629304	249.5	4.8	275568	155356	144
1789120027	3.88	6625912	252.5	4.8	276996	155368	79
1789120029	3.88	6621260	252.1	4.9	277012	159284	144
1789120031	4.05	6621032	254.6	4.9	277012	159288	116
1789120034	4.05	6620484	255.3	4.9	277132	159296	36
1789120036	4.21	6620156	258.0	5.0	277136	160532	138
1789120038	4.21	6620052	257.7	5.0	277172	160540	62
1789120040	3.87	6619360	204.2	5.0	228468	160600	0
1789120042	3.87	6621608	143.0	5.0	179876	160600	0
1789120044	3.87	6620744	132.6	5.0	179876	160600	0
1789120046	3.56	6619484	124.0	5.0	179876	160600	0
1789120048	3.56	6611856	237.9	5.0	264124	160672	208
1789120051	3.68	6609452	252.3	5.0	274412	161864	178
1789120053	3.68	6607352	248.0	5.1	276856	165820	77
1789120055	4.42	6603460	244.5	5.2	276884	171716	196
1789120057	4.42	6602104	250.6	5.2	276936	171792	191
1789120059	4.42	6596648	252.5	5.2	277064	175356	102
1789120061	4.55	6596340	252.1	5.3	277220	181368	172
1789120064	4.55	6590728	255.1	5.3	277220	181736	202
1789120066	4.59	6588328	255.3	5.4	277288	183504	118
1789120068	4.59	6587116	255.0	5.4	277324	185816	120
1789120070	4.62	6585936	256.3	5.5	277324	185820	207
1789120072	4.62	6585292	257.6	5.5	277324	185828	128
1789120074	4.62	6583192	258.4	5.5	277324	185860	34
1789120076	4.65	6596496	156.4	5.5	179816	185864	0
1789120078	4.65	6609624	147.2	5.5	179816	185864	0
1789120081	4.28	6605248	139.1	5.5	179816	185864	0
1789120083	4.28	6585876	131.8	5.5	179816	185864	0
1789120085	3.93	6585624	125.4	5.4	179816	185864	0
1789120087	3.93	6584364	119.6	5.4	179816	185864	0
1789120089	3.93	6584364	114.4	5.4	179816	185864	0
1789120091	3.62	6596880	109.7	5.3	179816	185864	0
1789120093	3.62	6596376	105.3	5.3	179816	185864	0
1789120095	3.33	6595652	101.2	5.3	179816	185864	0
1789120097	3.33	6595068	97.5	5.3	179816	185864	0
1789120099	3.33	6594496	94.0	5.2	179816	185864	0
1789120101	3.06	6595632	90.8	5.2	179816	185864	0
1789120104	3.06	6596336	87.7	5.2	179816	185864	0
1789120106	2.82	6597328	84.8	5.2	179816	185864	0
1789120108	2.82	6599516	82.3	5.1	179816	185864	0
