ts	load1	mem_available_kb	php_cpu	next_cpu	php_rss_kb	next_rss_kb
1789123729	0.49	6655568	33.5	15.1	190792	90644
1789123731	0.45	6656464	28.2	13.5	190792	90672
1789123733	0.45	6659460	27.5	12.2	195660	90672
1789123735	0.45	6655772	181.3	12.5	290540	97416
1789123737	0.65	6649224	166.8	13.7	306036	104608
1789123739	0.65	6644388	147.4	13.8	310684	111092
1789123741	0.76	6638612	147.7	14.2	313468	115160
1789123743	0.76	6635532	147.0	14.4	314104	116864
1789123746	0.86	6632308	150.0	14.8	314560	123760
1789123748	0.86	6623680	149.8	14.9	314596	132844
1789123750	0.86	6616896	154.7	14.9	314608	134104
1789123752	1.43	6615404	158.3	15.0	314632	134596
1789123754	1.43	6614216	159.4	15.2	314776	137084
1789123756	1.32	6616800	131.7	14.6	259056	137128
1789123758	1.32	6615800	95.1	14.0	201936	137128
1789123760	1.32	6615292	88.4	13.5	201936	137128
1789123762	1.21	6612564	169.1	13.1	243192	137152
1789123764	1.21	6603832	257.6	12.8	295808	137548
1789123767	1.28	6603076	239.6	12.7	298968	137640
1789123769	1.28	6601072	214.1	13.1	312016	138876
1789123771	1.57	6596896	207.5	13.5	312132	140036
1789123773	1.57	6596100	210.0	13.4	312156	140084
1789123775	1.57	6595980	206.7	13.5	312168	141348
1789123777	1.85	6592320	197.9	13.7	312232	140836
1789123779	1.85	6592064	195.7	14.0	313036	140040
1789123781	1.94	6591280	196.2	13.9	313212	140076
1789123784	1.94	6603532	163.4	13.8	255560	140620
1789123786	1.78	6616736	115.0	13.5	199940	140620
1789123788	1.78	6615476	106.4	13.1	199940	140620
1789123790	1.78	6614720	99.0	12.8	199940	140620
1789123792	1.96	6599040	240.7	12.8	299100	140732
1789123794	1.96	6592216	193.3	12.6	305744	140764
1789123796	1.97	6591064	179.6	12.6	305956	141364
1789123798	1.97	6589948	170.6	12.4	306012	141364
1789123800	1.97	6589640	170.4	12.4	306144	141432
1789123802	2.37	6592072	174.0	12.4	309908	142152
1789123805	2.37	6589460	173.0	12.4	310656	143392
1789123807	2.50	6586736	168.9	12.4	310876	143692
1789123809	2.50	6586720	169.6	12.6	310904	143708
1789123811	2.46	6585660	167.8	12.6	311072	144520
1789123813	2.46	6583140	167.2	12.6	311100	144968
1789123815	2.46	6581616	170.3	12.5	311756	144968
1789123817	2.82	6581200	172.2	12.4	311760	143328
