epoch	cpu	steal	iowait	load	mem
1789177029.711	0.5	0.0	0.0	1.62	6173.7
1789177030.213	1.0	0.0	0.0	1.62	6182.8
1789177030.714	8.0	0.0	0.0	1.62	6180.4
1789177031.217	34.3	0.0	0.0	1.62	6187.8
1789177031.718	85.9	0.0	0.0	1.81	6182.2
1789177032.218	71.1	0.0	0.0	1.81	6181.1
1789177032.724	80.8	0.5	0.0	1.81	6179.7
1789177033.225	82.9	0.0	0.5	1.81	6179.8
1789177033.726	62.4	0.0	0.0	1.81	6179.8
1789177034.227	72.4	0.0	0.0	1.81	6179.1
1789177034.727	75.6	0.0	0.0	1.81	6180.3
1789177035.228	57.4	0.5	0.0	1.81	6179.9
1789177035.731	54.8	0.0	0.0	1.81	6181.0
1789177036.232	66.5	0.0	0.5	1.81	6180.6
1789177036.733	89.9	0.5	0.0	2.06	6182.2
1789177037.234	90.9	0.0	0.0	2.06	6181.0
1789177037.734	63.3	0.0	0.0	2.06	6182.8
1789177038.235	85.5	0.0	1.5	2.06	6172.5
1789177038.738	76.9	0.0	0.5	2.06	6170.7
1789177039.239	87.9	0.0	0.0	2.06	6168.4
1789177039.740	92.4	0.0	0.0	2.06	6168.0
1789177040.240	82.5	0.0	0.0	2.06	6167.8
1789177040.742	88.8	0.0	0.0	2.06	6167.9
1789177041.243	87.9	0.5	0.0	2.06	6167.7
1789177041.744	29.8	0.0	0.0	2.06	6167.1
1789177042.244	5.0	0.0	0.0	2.06	6167.1
1789177042.745	3.5	0.0	0.5	2.06	6164.2
1789177043.245	0.5	0.0	0.0	2.06	6164.2
1789177043.746	1.5	0.0	0.0	2.06	6177.1
1789177044.247	0.0	0.0	0.0	2.06	6177.4
1789177044.747	1.0	0.0	0.0	2.06	6180.2
1789177045.248	0.5	0.0	0.0	2.06	6182.9
1789177045.748	0.5	0.0	0.0	2.06	6183.0
1789177046.249	0.5	0.0	0.0	2.06	6183.0
1789177046.752	17.9	0.0	0.0	1.89	6183.0
1789177047.253	79.3	0.0	0.0	1.89	6181.6
1789177047.754	80.9	0.0	0.0	1.89	6180.2
1789177048.254	58.2	0.0	0.0	1.89	6179.8
1789177048.755	35.9	0.5	0.0	1.89	6177.1
1789177049.255	40.9	0.0	0.0	1.89	6176.8
1789177049.756	44.5	0.0	0.5	1.89	6172.9
1789177050.257	40.9	0.0	0.0	1.89	6171.5
1789177050.757	32.7	0.0	0.0	1.89	6170.7
1789177051.258	50.0	0.0	0.0	1.89	6170.0
1789177051.759	51.2	0.0	0.0	1.90	6170.0
1789177052.260	51.5	0.0	0.0	1.90	6170.0
1789177052.763	87.3	0.5	0.0	1.90	6169.4
1789177053.264	92.0	0.0	0.0	1.90	6169.5
1789177053.765	75.1	0.0	0.0	1.90	6169.3
1789177054.266	78.8	0.0	0.0	1.90	6169.3
1789177054.768	64.0	0.0	0.5	1.90	6168.6
1789177055.269	64.8	0.5	0.0	1.90	6167.7
1789177055.769	12.6	0.0	0.0	1.90	6166.8
1789177056.270	4.5	0.0	0.0	1.90	6166.0
1789177056.771	1.0	0.0	0.0	1.75	6172.1
1789177057.272	1.0	0.0	0.0	1.75	6172.1
1789177057.772	0.5	0.0	0.0	1.75	6171.7
1789177058.273	0.0	0.0	0.5	1.75	6171.0
1789177058.773	0.5	0.0	0.0	1.75	6170.5
1789177059.274	1.0	0.0	0.0	1.75	6170.5
1789177059.775	0.5	0.0	0.0	1.75	6169.7
1789177060.276	0.0	0.0	0.0	1.75	6169.7
1789177060.777	10.6	0.0	0.0	1.75	6180.9
1789177061.278	8.1	0.0	0.0	1.75	6176.0
1789177061.778	25.9	0.0	0.0	1.77	6281.8
1789177062.279	32.5	0.5	0.0	1.77	6268.8
1789177062.780	28.0	0.0	0.0	1.77	6255.0
1789177063.280	32.5	0.0	0.0	1.77	6226.0
1789177063.781	23.6	0.0	0.0	1.77	6238.6
1789177064.282	8.1	0.0	0.0	1.77	6241.4
1789177064.782	53.8	0.0	0.0	1.77	6230.6
1789177065.283	61.3	0.0	0.0	1.77	6200.1
1789177065.786	49.7	0.0	0.5	1.77	6191.4
1789177066.287	41.8	0.0	0.5	1.77	6191.4
1789177066.788	56.8	0.0	0.0	1.87	6186.3
1789177067.289	83.2	0.0	0.0	1.87	6184.6
1789177067.790	79.1	0.5	0.0	1.87	6179.2
1789177068.291	72.6	0.0	0.0	1.87	6177.3
1789177068.792	82.7	0.0	0.5	1.87	6175.2
1789177069.294	75.3	0.0	0.0	1.87	6174.1
1789177069.795	65.7	0.5	0.0	1.87	6172.7
1789177070.295	7.0	0.0	0.0	1.87	6172.7
1789177070.796	11.6	0.0	0.5	1.87	6174.9
1789177071.297	4.5	0.0	0.0	1.87	6150.6
1789177071.798	2.5	0.0	0.0	1.72	6167.2
1789177072.299	0.0	0.0	0.0	1.72	6167.2
1789177072.799	0.5	0.0	0.0	1.72	6167.8
1789177073.300	0.0	0.0	0.0	1.72	6167.8
1789177073.801	1.0	0.0	0.0	1.72	6167.8
1789177074.302	0.0	0.0	0.0	1.72	6167.8
1789177074.803	0.0	0.0	0.0	1.72	6168.4
1789177075.304	49.7	0.0	0.0	1.72	6168.5
1789177075.804	63.6	0.0	0.0	1.72	6168.4
1789177076.305	20.1	0.0	0.0	1.72	6168.4
1789177076.806	24.5	0.0	0.0	1.66	6152.7
1789177077.306	69.2	0.0	0.0	1.66	6152.3
1789177077.807	54.7	0.0	0.0	1.66	6152.3
1789177078.309	70.6	0.0	0.5	1.66	6152.1
1789177078.809	68.2	0.0	0.0	1.66	6154.3
1789177079.310	44.4	0.0	0.0	1.66	6154.1
1789177079.811	14.6	0.0	0.5	1.66	6171.2
1789177080.312	1.0	0.0	0.0	1.66	6171.2
1789177080.813	1.0	0.5	0.0	1.66	6176.5
1789177081.314	8.5	0.0	0.0	1.66	6187.6
1789177081.815	4.0	0.5	0.0	1.61	6188.9
1789177082.316	21.1	1.0	0.0	1.61	6214.6
1789177082.816	6.0	0.0	0.0	1.61	6214.1
1789177083.317	0.0	0.0	0.0	1.61	6215.6
1789177083.818	3.0	0.0	0.0	1.61	6215.7
1789177084.319	10.0	0.0	0.0	1.61	6229.4
1789177084.819	11.5	0.5	0.0	1.61	6233.4
1789177085.320	8.6	0.0	0.0	1.61	6228.1
