epoch	cpu	load	mem	php	next	db	nginx
1789165744.399	0.5	0.15	6313.7	9.9	0.0	1.7	0.0
1789165744.920	1.9	0.15	6321.3	9.9	0.0	1.7	0.0
1789165745.448	47.8	0.15	6327.5	10.2	0.0	1.7	0.0
1789165745.968	31.7	0.15	6327.6	10.5	0.0	1.7	0.0
1789165746.490	34.0	0.15	6327.9	10.7	0.0	1.7	0.0
1789165747.014	57.3	0.15	6321.2	95.7	0.0	1.7	0.0
1789165747.534	34.3	0.15	6323.4	51.2	0.0	1.7	0.0
1789165748.056	78.2	0.15	6319.5	103.9	0.0	1.7	0.0
1789165748.583	41.0	0.15	6319.1	71.9	0.0	1.7	0.0
1789165749.105	72.1	0.15	6330.3	79.5	0.0	1.7	0.0
1789165749.627	34.1	0.22	6330.7	84.9	0.0	1.7	0.0
1789165750.153	22.1	0.22	6330.0	82.1	0.0	1.7	0.0
1789165750.669	9.0	0.22	6329.6	73.2	0.0	1.7	0.0
1789165751.196	6.3	0.22	6343.9	63.2	0.0	1.7	0.0
1789165751.718	75.2	0.22	6345.0	70.2	0.0	1.7	0.0
1789165752.239	8.7	0.22	6345.0	64.0	0.0	1.7	0.0
1789165752.810	8.2	0.22	6346.5	58.7	0.0	1.7	0.0
1789165753.338	6.6	0.22	6345.7	54.0	0.0	1.7	0.0
1789165753.860	8.5	0.22	6345.9	52.4	0.0	1.7	0.0
1789165754.381	11.5	0.20	6345.9	47.3	0.0	1.7	0.0
1789165754.903	13.4	0.20	6353.5	46.2	0.0	1.7	0.0
1789165755.424	7.2	0.20	6353.5	45.0	0.0	1.7	0.0
1789165755.944	1.9	0.20	6353.5	42.6	0.0	1.7	0.0
1789165756.465	1.0	0.20	6353.5	40.5	0.0	1.7	0.0
1789165756.990	2.4	0.20	6353.3	38.7	0.0	1.7	0.0
1789165757.516	23.8	0.20	6352.5	39.9	0.0	1.7	0.0
1789165758.036	39.7	0.20	6352.3	43.0	0.0	1.7	0.0
1789165758.562	21.1	0.20	6352.1	43.0	0.0	1.7	0.0
1789165759.085	2.9	0.20	6351.8	41.5	0.0	1.7	0.0
1789165759.605	2.4	0.18	6354.4	40.0	0.0	1.7	0.0
1789165760.127	1.4	0.18	6353.4	38.6	0.0	1.7	0.0
1789165760.652	23.9	0.18	6353.4	39.7	0.0	1.7	0.0
1789165761.180	66.8	0.18	6351.7	44.5	0.0	1.7	0.0
1789165761.701	16.1	0.18	6351.7	43.9	0.0	1.7	0.0
1789165762.222	1.0	0.18	6351.7	42.5	0.0	1.7	0.0
1789165762.744	1.4	0.18	6352.9	41.4	0.0	1.7	0.0
1789165763.265	1.4	0.18	6352.9	40.1	0.0	1.7	0.0
1789165763.786	25.2	0.18	6352.9	40.9	0.0	1.7	0.0
1789165764.318	86.9	0.18	6344.9	129.9	0.0	1.7	0.0
1789165764.840	54.5	0.57	6345.0	109.0	0.0	1.7	0.0
1789165765.361	2.4	0.57	6352.0	77.6	0.0	1.7	0.0
1789165765.881	1.0	0.57	6352.0	65.9	0.0	1.7	0.0
1789165766.402	1.4	0.57	6352.0	59.0	0.0	1.7	0.0
1789165766.923	2.9	0.57	6351.7	55.6	0.0	1.7	0.0
1789165767.443	69.8	0.57	6351.5	67.2	0.0	1.7	0.0
1789165767.965	25.6	0.57	6357.2	65.7	0.0	1.7	0.0
1789165768.486	44.0	0.57	6357.2	71.7	0.0	1.7	0.0
1789165769.006	41.8	0.57	6356.8	73.4	0.0	1.7	0.0
1789165769.526	29.0	0.61	6356.6	74.6	0.0	1.7	0.0
1789165770.041	34.5	0.61	6356.6	74.4	0.0	1.7	0.0
1789165770.569	49.3	0.61	6356.7	77.6	0.0	1.7	0.0
1789165771.120	22.4	0.61	6356.7	75.5	0.0	1.7	0.0
1789165771.641	6.4	0.61	6355.0	72.6	0.0	1.7	0.0
1789165772.161	6.2	0.61	6354.8	70.0	0.0	1.7	0.0
1789165772.681	17.6	0.61	6354.8	69.5	0.0	1.7	0.0
1789165773.202	59.0	0.61	6352.6	100.6	0.0	1.7	0.0
1789165773.723	6.8	0.61	6352.6	80.1	0.0	1.7	0.0
1789165774.239	7.7	0.61	6352.6	74.2	0.0	1.7	0.0
1789165774.759	0.5	0.56	6352.6	70.4	0.0	1.7	0.0
1789165775.280	1.9	0.56	6364.3	45.4	0.0	1.7	0.0
1789165775.796	1.0	0.56	6363.8	43.4	0.0	1.7	0.0
1789165776.312	1.4	0.56	6362.8	41.7	0.0	1.7	0.0
1789165776.842	1.0	0.56	6362.8	40.2	0.0	1.7	0.0
1789165777.357	1.4	0.56	6362.8	38.7	0.0	1.7	0.0
1789165777.877	1.0	0.56	6362.1	37.6	0.0	1.7	0.0
1789165778.398	4.3	0.56	6358.4	37.2	0.0	1.7	0.0
1789165778.927	65.2	0.56	6358.4	46.3	0.0	1.7	0.0
1789165779.451	75.2	0.75	6358.5	112.4	0.0	1.7	0.0
1789165779.968	76.8	0.75	6354.3	205.4	0.0	1.7	0.0
1789165780.491	81.8	0.75	6350.1	182.1	0.0	1.7	0.0
1789165781.005	69.4	0.75	6357.3	144.4	0.0	1.7	0.0
1789165781.527	53.6	0.75	6355.1	144.2	0.0	1.7	0.0
1789165782.043	38.8	0.75	6354.7	135.1	0.0	1.7	0.0
1789165782.560	9.7	0.75	6354.5	120.0	0.0	1.7	0.0
1789165783.085	24.5	0.75	6354.5	114.2	0.0	1.7	0.0
1789165783.608	67.2	0.75	6353.5	118.2	0.0	1.7	0.0
1789165784.136	64.3	0.75	6347.3	164.2	0.0	1.7	0.0
1789165784.657	92.2	1.17	6345.4	190.3	0.0	1.7	0.0
1789165785.175	80.6	1.17	6343.5	187.1	0.0	1.7	0.0
1789165785.692	66.8	1.17	6342.7	185.7	0.0	1.7	0.0
1789165786.215	17.6	1.17	6340.8	171.2	0.0	1.7	0.0
1789165786.737	12.6	1.17	6340.9	160.5	0.0	1.7	0.0
1789165787.261	17.5	1.17	6347.4	130.8	0.0	1.7	0.0
1789165787.785	2.4	1.17	6347.4	120.8	0.0	1.7	0.0
1789165788.300	14.5	1.17	6346.9	115.7	0.0	1.7	0.0
1789165788.821	3.4	1.17	6346.9	108.9	0.0	1.7	0.0
1789165789.337	8.2	1.08	6346.9	102.9	0.0	1.7	0.0
1789165789.856	1.5	1.08	6346.9	97.3	0.0	1.7	0.0
1789165790.371	1.9	1.08	6352.3	75.5	0.0	1.7	0.0
1789165790.892	1.0	1.08	6352.3	71.6	0.0	1.7	0.0
1789165791.406	24.5	1.08	6351.6	71.0	0.0	1.7	0.0
1789165791.923	68.8	1.08	6347.7	79.5	0.0	1.7	0.0
1789165792.446	72.4	1.08	6347.3	147.5	0.0	1.7	0.0
1789165792.977	77.1	1.08	6346.9	222.6	0.0	1.7	0.0
1789165793.499	81.0	1.08	6345.2	234.9	0.0	1.7	0.0
1789165794.023	79.7	1.08	6344.8	230.8	0.0	1.7	0.0
1789165794.541	71.5	1.15	6342.1	220.8	0.0	1.7	0.0
1789165795.059	82.5	1.15	6342.2	227.2	0.0	1.7	0.0
1789165795.581	86.8	1.15	6343.2	228.7	0.0	1.7	0.0
1789165796.098	91.7	1.15	6343.2	225.4	0.0	1.7	0.0
1789165796.617	78.8	1.15	6337.5	222.1	0.0	1.7	0.0
1789165797.132	69.3	1.15	6333.6	220.6	0.0	1.7	0.0
1789165797.658	84.8	1.15	6334.6	223.4	0.0	1.7	0.0
1789165798.177	95.2	1.15	6335.9	223.8	0.0	1.7	0.0
1789165798.696	81.0	1.15	6335.0	223.7	0.0	1.7	0.0
1789165799.217	59.3	1.15	6333.1	219.0	0.0	1.7	0.0
1789165799.739	12.1	1.22	6331.4	209.3	0.0	1.7	0.0
1789165800.253	2.9	1.22	6344.6	166.5	0.0	1.7	0.0
1789165800.770	0.5	1.22	6344.1	158.3	0.0	1.7	0.0
1789165801.283	1.5	1.22	6344.1	124.4	0.0	1.7	0.0
1789165801.805	1.4	1.22	6342.1	118.4	0.0	1.7	0.0
1789165802.326	18.9	1.22	6335.7	112.9	0.0	1.7	0.0
1789165802.847	20.4	1.22	6338.6	109.9	0.0	1.7	0.0
1789165803.368	5.7	1.22	6336.4	105.6	0.0	1.7	0.0
1789165803.892	2.0	1.22	6335.2	101.4	0.0	1.7	0.0
1789165804.431	34.0	1.60	6335.0	101.4	0.0	1.7	0.0
1789165804.949	77.9	1.60	6335.0	106.4	0.0	1.7	0.0
1789165805.475	81.0	1.60	6333.5	169.0	0.0	1.7	0.0
1789165805.996	41.8	1.60	6329.0	239.4	0.0	1.7	0.0
1789165806.521	44.4	1.60	6325.4	180.1	0.0	1.7	0.0
1789165807.043	44.0	1.60	6324.0	161.0	0.0	1.7	0.0
1789165807.568	63.2	1.60	6321.7	157.5	0.0	1.7	0.0
1789165808.104	79.3	1.60	6315.3	168.8	0.0	1.7	0.0
1789165808.629	76.9	1.60	6315.1	174.3	0.0	1.7	0.0
1789165809.156	87.5	1.60	6320.2	179.5	0.0	1.7	0.0
1789165809.678	81.7	1.80	6319.9	183.4	0.0	1.7	0.0
1789165810.199	76.3	1.80	6319.0	185.1	0.0	1.7	0.0
1789165810.730	76.6	1.80	6321.6	190.1	0.0	1.7	0.0
1789165811.253	91.9	1.80	6321.7	198.3	0.0	1.7	0.0
1789165811.781	87.6	1.80	6318.0	202.4	0.0	1.7	0.0
1789165812.297	92.7	1.80	6327.7	208.2	0.0	1.7	0.0
1789165812.817	87.2	1.80	6327.2	207.9	0.0	1.7	0.0
1789165813.343	63.7	1.80	6326.4	205.4	0.0	1.7	0.0
1789165813.868	60.6	1.80	6323.9	203.9	0.0	1.7	0.0
1789165814.392	72.0	1.97	6323.2	203.8	0.0	1.7	0.0
1789165814.917	60.7	1.97	6323.3	200.0	0.0	1.7	0.0
1789165815.433	78.9	1.97	6321.4	198.8	0.0	1.7	0.0
1789165815.949	10.3	1.97	6321.4	194.0	0.0	1.7	0.0
1789165816.465	8.2	1.97	6328.6	152.4	0.0	1.7	0.0
1789165816.988	3.4	1.97	6328.3	111.5	0.0	1.7	0.0
1789165817.503	1.9	1.97	6328.3	107.6	0.0	1.7	0.0
1789165818.018	1.9	1.97	6338.7	104.1	0.0	1.7	0.0
1789165818.540	0.5	1.97	6336.9	100.8	0.0	1.7	0.0
1789165819.056	1.9	1.97	6340.6	97.6	0.0	1.7	0.0
1789165819.571	1.5	1.81	6338.8	94.8	0.0	1.7	0.0
1789165820.085	1.0	1.81	6338.6	92.0	0.0	1.7	0.0
1789165820.603	1.0	1.81	6338.6	89.5	0.0	1.7	0.0
1789165821.124	1.0	1.81	6336.4	87.1	0.0	1.7	0.0
1789165821.645	63.3	1.81	6336.2	89.7	0.0	1.7	0.0
1789165822.171	80.6	1.81	6333.4	173.4	0.0	1.7	0.0
1789165822.696	89.0	1.81	6332.6	168.1	0.0	1.7	0.0
1789165823.216	69.6	1.81	6328.1	247.1	0.0	1.7	0.0
1789165823.738	47.8	1.81	6326.4	209.0	0.0	1.7	0.0
1789165824.258	39.3	1.81	6326.2	181.9	0.0	1.7	0.0
1789165824.779	49.5	1.75	6325.5	174.3	0.0	1.7	0.0
1789165825.297	51.4	1.75	6324.5	179.9	0.0	1.7	0.0
1789165825.824	51.2	1.75	6324.5	182.7	0.0	1.7	0.0
1789165826.347	63.3	1.75	6324.1	182.6	0.0	1.7	0.0
1789165826.870	92.8	1.75	6326.0	185.2	0.0	1.7	0.0
1789165827.388	82.7	1.75	6325.4	188.2	0.0	1.7	0.0
1789165827.913	71.6	1.75	6324.9	186.0	0.0	1.7	0.0
1789165828.437	66.8	1.75	6323.2	181.2	0.0	1.7	0.0
1789165828.957	59.0	1.75	6314.7	177.8	0.0	1.7	0.0
1789165829.479	54.4	1.77	6314.4	174.2	0.0	1.7	0.0
1789165829.998	2.4	1.77	6329.8	131.8	0.0	1.7	0.0
1789165830.514	1.0	1.77	6329.9	126.2	0.0	1.7	0.0
1789165831.028	2.4	1.77	6337.4	92.6	0.0	1.7	0.0
1789165831.543	1.0	1.77	6337.0	88.6	0.0	1.7	0.0
1789165832.057	1.0	1.77	6337.0	85.0	0.0	1.7	0.0
1789165832.573	1.5	1.77	6336.8	81.9	0.0	1.7	0.0
1789165833.094	1.5	1.77	6336.8	78.8	0.0	1.7	0.0
1789165833.616	2.4	1.77	6334.3	76.1	0.0	1.7	0.0
1789165834.131	10.6	1.77	6326.7	73.5	0.0	1.7	0.0
1789165834.653	26.2	1.71	6304.5	71.2	0.0	1.7	0.0
