/etc/nginx/sites-available/a.paymydine.com.conf	/var/www/paymydine/storage/pmd-v17-fpm-isolation-20260912_192824/nginx-patched-a.paymydine.com.conf	1
/etc/nginx/sites-available/aa.paymydine.com.conf	/var/www/paymydine/storage/pmd-v17-fpm-isolation-20260912_192824/nginx-patched-aa.paymydine.com.conf	1
/etc/nginx/sites-available/asd.paymydine.com.conf	/var/www/paymydine/storage/pmd-v17-fpm-isolation-20260912_192824/nginx-patched-asd.paymydine.com.conf	1
/etc/nginx/sites-available/bb.paymydine.com.conf	/var/www/paymydine/storage/pmd-v17-fpm-isolation-20260912_192824/nginx-patched-bb.paymydine.com.conf	1
/etc/nginx/sites-available/canada.paymydine.com.conf	/var/www/paymydine/storage/pmd-v17-fpm-isolation-20260912_192824/nginx-patched-canada.paymydine.com.conf	1
/etc/nginx/sites-available/gisoo.paymydine.com.conf	/var/www/paymydine/storage/pmd-v17-fpm-isolation-20260912_192824/nginx-patched-gisoo.paymydine.com.conf	1
/etc/nginx/sites-available/gisoocanada.paymydine.com.conf	/var/www/paymydine/storage/pmd-v17-fpm-isolation-20260912_192824/nginx-patched-gisoocanada.paymydine.com.conf	1
/etc/nginx/sites-available/gisooturkish.paymydine.com.conf	/var/www/paymydine/storage/pmd-v17-fpm-isolation-20260912_192824/nginx-patched-gisooturkish.paymydine.com.conf	1
/etc/nginx/sites-available/h.paymydine.com.conf	/var/www/paymydine/storage/pmd-v17-fpm-isolation-20260912_192824/nginx-patched-h.paymydine.com.conf	1
/etc/nginx/sites-available/han.paymydine.com.conf	/var/www/paymydine/storage/pmd-v17-fpm-isolation-20260912_192824/nginx-patched-han.paymydine.com.conf	1
/etc/nginx/sites-available/ilhan.paymydine.com.conf	/var/www/paymydine/storage/pmd-v17-fpm-isolation-20260912_192824/nginx-patched-ilhan.paymydine.com.conf	1
/etc/nginx/sites-available/jj.paymydine.com.conf	/var/www/paymydine/storage/pmd-v17-fpm-isolation-20260912_192824/nginx-patched-jj.paymydine.com.conf	1
/etc/nginx/sites-available/k.paymydine.com.conf	/var/www/paymydine/storage/pmd-v17-fpm-isolation-20260912_192824/nginx-patched-k.paymydine.com.conf	1
/etc/nginx/sites-available/khalig.paymydine.com.conf	/var/www/paymydine/storage/pmd-v17-fpm-isolation-20260912_192824/nginx-patched-khalig.paymydine.com.conf	1
/etc/nginx/sites-available/kult.paymydine.com.conf	/var/www/paymydine/storage/pmd-v17-fpm-isolation-20260912_192824/nginx-patched-kult.paymydine.com.conf	1
/etc/nginx/sites-available/l.paymydine.com.conf	/var/www/paymydine/storage/pmd-v17-fpm-isolation-20260912_192824/nginx-patched-l.paymydine.com.conf	1
/etc/nginx/sites-available/loumi.paymydine.com.conf	/var/www/paymydine/storage/pmd-v17-fpm-isolation-20260912_192824/nginx-patched-loumi.paymydine.com.conf	1
/etc/nginx/sites-available/luna.paymydine.com.conf	/var/www/paymydine/storage/pmd-v17-fpm-isolation-20260912_192824/nginx-patched-luna.paymydine.com.conf	1
/etc/nginx/sites-available/main.paymydine.com.conf	/var/www/paymydine/storage/pmd-v17-fpm-isolation-20260912_192824/nginx-patched-main.paymydine.com.conf	1
/etc/nginx/sites-available/me.paymydine.com.conf	/var/www/paymydine/storage/pmd-v17-fpm-isolation-20260912_192824/nginx-patched-me.paymydine.com.conf	1
/etc/nginx/sites-available/mehdi.paymydine.com.conf	/var/www/paymydine/storage/pmd-v17-fpm-isolation-20260912_192824/nginx-patched-mehdi.paymydine.com.conf	1
/etc/nginx/sites-available/milano.paymydine.com.conf	/var/www/paymydine/storage/pmd-v17-fpm-isolation-20260912_192824/nginx-patched-milano.paymydine.com.conf	1
/etc/nginx/sites-available/mm.paymydine.com.conf	/var/www/paymydine/storage/pmd-v17-fpm-isolation-20260912_192824/nginx-patched-mm.paymydine.com.conf	1
/etc/nginx/sites-available/monkey.paymydine.com.conf	/var/www/paymydine/storage/pmd-v17-fpm-isolation-20260912_192824/nginx-patched-monkey.paymydine.com.conf	1
/etc/nginx/sites-available/moon.paymydine.com.conf	/var/www/paymydine/storage/pmd-v17-fpm-isolation-20260912_192824/nginx-patched-moon.paymydine.com.conf	1
/etc/nginx/sites-available/nima.paymydine.com.conf	/var/www/paymydine/storage/pmd-v17-fpm-isolation-20260912_192824/nginx-patched-nima.paymydine.com.conf	1
/etc/nginx/sites-available/nn.paymydine.com.conf	/var/www/paymydine/storage/pmd-v17-fpm-isolation-20260912_192824/nginx-patched-nn.paymydine.com.conf	1
/etc/nginx/sites-available/nobelhard.paymydine.com.conf	/var/www/paymydine/storage/pmd-v17-fpm-isolation-20260912_192824/nginx-patched-nobelhard.paymydine.com.conf	1
/etc/nginx/sites-available/o.paymydine.com.conf	/var/www/paymydine/storage/pmd-v17-fpm-isolation-20260912_192824/nginx-patched-o.paymydine.com.conf	1
/etc/nginx/sites-available/oman.paymydine.com.conf	/var/www/paymydine/storage/pmd-v17-fpm-isolation-20260912_192824/nginx-patched-oman.paymydine.com.conf	1
/etc/nginx/sites-available/omantest.paymydine.com.conf	/var/www/paymydine/storage/pmd-v17-fpm-isolation-20260912_192824/nginx-patched-omantest.paymydine.com.conf	1
/etc/nginx/sites-available/otp.paymydine.com.conf	/var/www/paymydine/storage/pmd-v17-fpm-isolation-20260912_192824/nginx-patched-otp.paymydine.com.conf	1
/etc/nginx/sites-available/otptest.paymydine.com.conf	/var/www/paymydine/storage/pmd-v17-fpm-isolation-20260912_192824/nginx-patched-otptest.paymydine.com.conf	1
/etc/nginx/sites-available/paymenttest.paymydine.com.conf	/var/www/paymydine/storage/pmd-v17-fpm-isolation-20260912_192824/nginx-patched-paymenttest.paymydine.com.conf	1
/etc/nginx/sites-available/paymydine	/var/www/paymydine/storage/pmd-v17-fpm-isolation-20260912_192824/nginx-patched-paymydine	2
/etc/nginx/sites-available/persian.paymydine.com.conf	/var/www/paymydine/storage/pmd-v17-fpm-isolation-20260912_192824/nginx-patched-persian.paymydine.com.conf	1
/etc/nginx/sites-available/persian1.paymydine.com.conf	/var/www/paymydine/storage/pmd-v17-fpm-isolation-20260912_192824/nginx-patched-persian1.paymydine.com.conf	1
/etc/nginx/sites-available/reza.paymydine.com.conf	/var/www/paymydine/storage/pmd-v17-fpm-isolation-20260912_192824/nginx-patched-reza.paymydine.com.conf	1
/etc/nginx/sites-available/roxy.paymydine.com.conf	/var/www/paymydine/storage/pmd-v17-fpm-isolation-20260912_192824/nginx-patched-roxy.paymydine.com.conf	1
/etc/nginx/sites-available/rt.paymydine.com.conf	/var/www/paymydine/storage/pmd-v17-fpm-isolation-20260912_192824/nginx-patched-rt.paymydine.com.conf	1
/etc/nginx/sites-available/saeed.paymydine.com.conf	/var/www/paymydine/storage/pmd-v17-fpm-isolation-20260912_192824/nginx-patched-saeed.paymydine.com.conf	1
/etc/nginx/sites-available/sun.paymydine.com.conf	/var/www/paymydine/storage/pmd-v17-fpm-isolation-20260912_192824/nginx-patched-sun.paymydine.com.conf	1
/etc/nginx/sites-available/sunday.paymydine.com.conf	/var/www/paymydine/storage/pmd-v17-fpm-isolation-20260912_192824/nginx-patched-sunday.paymydine.com.conf	1
/etc/nginx/sites-available/test.paymydine.com.conf	/var/www/paymydine/storage/pmd-v17-fpm-isolation-20260912_192824/nginx-patched-test.paymydine.com.conf	1
/etc/nginx/sites-available/test1.paymydine.com.conf	/var/www/paymydine/storage/pmd-v17-fpm-isolation-20260912_192824/nginx-patched-test1.paymydine.com.conf	1
/etc/nginx/sites-available/test25.paymydine.com.conf	/var/www/paymydine/storage/pmd-v17-fpm-isolation-20260912_192824/nginx-patched-test25.paymydine.com.conf	1
/etc/nginx/sites-available/testtest.paymydine.com.conf	/var/www/paymydine/storage/pmd-v17-fpm-isolation-20260912_192824/nginx-patched-testtest.paymydine.com.conf	1
/etc/nginx/sites-available/texas.paymydine.com.conf	/var/www/paymydine/storage/pmd-v17-fpm-isolation-20260912_192824/nginx-patched-texas.paymydine.com.conf	1
/etc/nginx/sites-available/tipsy.paymydine.com.conf	/var/www/paymydine/storage/pmd-v17-fpm-isolation-20260912_192824/nginx-patched-tipsy.paymydine.com.conf	1
/etc/nginx/sites-available/tomo.paymydine.com.conf	/var/www/paymydine/storage/pmd-v17-fpm-isolation-20260912_192824/nginx-patched-tomo.paymydine.com.conf	1
/etc/nginx/sites-available/turkei.paymydine.com.conf	/var/www/paymydine/storage/pmd-v17-fpm-isolation-20260912_192824/nginx-patched-turkei.paymydine.com.conf	1
/etc/nginx/sites-available/turkishpmd.paymydine.com.conf	/var/www/paymydine/storage/pmd-v17-fpm-isolation-20260912_192824/nginx-patched-turkishpmd.paymydine.com.conf	1
/etc/nginx/sites-available/x.paymydine.com.conf	/var/www/paymydine/storage/pmd-v17-fpm-isolation-20260912_192824/nginx-patched-x.paymydine.com.conf	1
