epoch	cpu	load	mem	php	next	db
1789165588.927	1.0	0.00	6346.6	0.7	0.0	1.7
1789165589.442	1.9	0.00	6363.1	0.7	0.0	1.7
1789165589.956	8.3	0.00	6360.4	0.7	0.0	1.7
1789165590.471	16.7	0.00	6341.3	0.7	0.0	1.7
1789165590.992	1.0	0.00	6340.3	0.7	0.0	1.7
1789165591.508	1.4	0.00	6340.0	0.7	0.0	1.7
1789165592.030	1.0	0.00	6340.9	0.7	0.0	1.7
1789165592.544	1.9	0.00	6341.2	0.7	0.0	1.7
1789165593.066	11.8	0.00	6341.2	0.7	0.0	1.7
1789165593.587	10.6	0.00	6343.6	0.7	0.0	1.7
1789165594.110	40.1	0.00	6339.5	0.9	0.0	1.7
1789165594.630	73.2	0.24	6341.9	1.2	0.0	1.7
1789165595.154	74.6	0.24	6333.9	60.5	0.0	1.7
1789165595.671	32.9	0.24	6337.1	28.7	0.0	1.7
1789165596.186	28.2	0.24	6329.3	69.3	0.0	1.7
1789165596.707	2.9	0.24	6329.8	43.0	0.0	1.7
1789165597.230	1.9	0.24	6329.8	32.0	0.0	1.7
1789165597.745	7.2	0.24	6332.8	30.1	0.0	1.7
1789165598.266	26.5	0.24	6332.8	42.5	0.0	1.7
1789165598.787	51.2	0.24	6333.8	50.9	0.0	1.7
1789165599.305	54.6	0.38	6333.9	56.7	0.0	1.7
1789165599.826	43.2	0.38	6335.4	60.5	0.0	1.7
1789165600.345	30.2	0.38	6337.1	62.7	0.0	1.7
1789165600.866	36.2	0.38	6337.8	64.4	0.0	1.7
1789165601.383	39.1	0.38	6337.9	66.4	0.0	1.7
1789165601.912	81.5	0.38	6337.9	69.6	0.0	1.7
1789165602.437	80.0	0.38	6337.8	71.9	0.0	1.7
1789165602.963	81.2	0.38	6342.4	73.7	0.0	1.7
1789165603.485	75.7	0.38	6342.1	75.4	0.0	1.7
1789165604.010	77.7	0.38	6338.4	77.0	0.0	1.7
1789165604.532	83.1	0.99	6336.4	79.2	0.0	1.7
1789165605.053	43.3	0.99	6336.2	77.8	0.0	1.7
1789165605.574	34.6	0.99	6336.0	74.4	0.0	1.7
1789165606.091	29.0	0.99	6335.3	71.2	0.0	1.7
1789165606.616	63.1	0.99	6334.6	69.2	0.0	1.7
1789165607.140	84.0	0.99	6333.9	71.3	0.0	1.7
1789165607.667	91.8	0.99	6332.3	74.4	0.0	1.7
1789165608.181	29.8	0.99	6332.3	72.6	0.0	1.7
1789165608.696	3.9	0.99	6332.3	69.9	0.0	1.7
1789165609.218	6.3	0.99	6332.3	66.6	0.0	1.7
1789165609.733	4.3	0.91	6337.0	64.3	0.0	1.7
